ID	NUMBER	CHINESE_GLOSS	PAGENO	POS	SEMANTIC_FIELD	SF_IN_SOURCE	POS_IN_SOURCE	GLOSS	NOTE
1	1	太阳	1	nouns	weather, geography	一、天象、地理	名 詞	sun	-
2	2	月亮	1	nouns	weather, geography	一、天象、地理	名 詞	moon	-
3	3	星	2	nouns	weather, geography	一、天象、地理	名 詞	star	-
4	4	风	2	nouns	weather, geography	一、天象、地理	名 詞	wind	-
5	5	雨	3	nouns	weather, geography	一、天象、地理	名 詞	rain	-
6	6	雾	3	nouns	weather, geography	一、天象、地理	名 詞	fog	-
7	7	露水	4	nouns	weather, geography	一、天象、地理	名 詞	dew	-
8	8	霜	4	nouns	weather, geography	一、天象、地理	名 詞	frost	-
9	9	雪	5	nouns	weather, geography	一、天象、地理	名 詞	snow	-
10	10	冰	5	nouns	weather, geography	一、天象、地理	名 詞	ice	-
11	11	冰雹	6	nouns	weather, geography	一、天象、地理	名 詞	hail	-
12	12	閃电	6	nouns	weather, geography	一、天象、地理	名 詞	lightning	-
13	13	雷	7	nouns	weather, geography	一、天象、地理	名 詞	thunder	-
14	14	虹	7	nouns	weather, geography	一、天象、地理	名 詞	rainbow	-
15	15	天气	8	nouns	weather, geography	一、天象、地理	名 詞	weather	-
16	16	晴天	8	nouns	weather, geography	一、天象、地理	名 詞	sunny day	-
17	17	阴天	9	nouns	weather, geography	一、天象、地理	名 詞	cloudy day	-
18	18	海	9	nouns	weather, geography	一、天象、地理	名 詞	sea // ocean	-
19	19	湖	10	nouns	weather, geography	一、天象、地理	名 詞	lake	-
20	20	池塘	10	nouns	weather, geography	一、天象、地理	名 詞	pond // pool	-
21	21	风景	11	nouns	weather, geography	一、天象、地理	名 詞	landscape	-
22	22	时候	11	nouns	time, season	二、时間、节令	名 詞	time // season // weather // hour	-
23	23	今年	12	nouns	time, season	二、时間、节令	名 詞	this year	-
24	24	明年	12	nouns	time, season	二、时間、节令	名 詞	next year	-
25	25	后年	13	nouns	time, season	二、时間、节令	名 詞	the year after next	-
26	26	去年	13	nouns	time, season	二、时間、节令	名 詞	last year	-
27	27	前年	14	nouns	time, season	二、时間、节令	名 詞	the year before last	-
28	28	日子	14	nouns	time, season	二、时間、节令	名 詞	day	-
29	29	今天	15	nouns	time, season	二、时間、节令	名 詞	today	-
30	30	明天	15	nouns	time, season	二、时間、节令	名 詞	tomorrow	-
31	31	后天	16	nouns	time, season	二、时間、节令	名 詞	the day after tomorrow	-
32	32	大后天	16	nouns	time, season	二、时間、节令	名 詞	three days from now	-
33	33	昨天	17	nouns	time, season	二、时間、节令	名 詞	yesterday	-
34	34	前天	17	nouns	time, season	二、时間、节令	名 詞	the day before yesterday	-
35	35	大前天	18	nouns	time, season	二、时間、节令	名 詞	three days before	-
36	36	白天	18	nouns	time, season	二、时間、节令	名 詞	daytime // day (opposed to night)	-
37	37	夜問	19	nouns	time, season	二、时間、节令	名 詞	nighttime // night (opposed to day)	夜间
38	38	早晨	19	nouns	time, season	二、时間、节令	名 詞	morning	-
39	39	上午	20	nouns	time, season	二、时間、节令	名 詞	forenoon	-
40	40	中午	20	nouns	time, season	二、时間、节令	名 詞	noon // midday	-
41	41	下午	21	nouns	time, season	二、时間、节令	名 詞	afternoon // evening	-
42	42	傍晚	21	nouns	time, season	二、时間、节令	名 詞	at dusk (nightfall) // toward evening	-
43	43	晚上	22	nouns	time, season	二、时間、节令	名 詞	evening // night	-
44	44	元且（正月初一）	22	nouns	time, season	二、时間、节令	名 詞	new year	元旦
45	45	端午节	23	nouns	time, season	二、时間、节令	名 詞	the Dragon Boat Festival	-
46	46	中秋节	23	nouns	time, season	二、时間、节令	名 詞	the Mid-autumn Festival (15th day of the 8th lunar month)	-
47	47	重阳节	24	nouns	time, season	二、时間、节令	名 詞	the Double-Nine Festival	-
48	48	除夕	24	nouns	time, season	二、时間、节令	名 詞	Chinese New Year's Eve	-
49	49	金子	25	nouns	minerals and other natural objects	三、矿物及其他自然物	名 詞	gold	-
50	50	銀子	25	nouns	minerals and other natural objects	三、矿物及其他自然物	名 詞	silver	-
51	51	銅	26	nouns	minerals and other natural objects	三、矿物及其他自然物	名 詞	copper // brass // bronze	-
52	52	鉄	26	nouns	minerals and other natural objects	三、矿物及其他自然物	名 詞	iron	-
53	53	鋼	27	nouns	minerals and other natural objects	三、矿物及其他自然物	名 詞	steel	-
54	54	鉛	27	nouns	minerals and other natural objects	三、矿物及其他自然物	名 詞	lead	-
55	55	鍚	28	nouns	minerals and other natural objects	三、矿物及其他自然物	名 詞	tin	锡
56	56	煤	28	nouns	minerals and other natural objects	三、矿物及其他自然物	名 詞	coal	-
57	57	煤油	29	nouns	minerals and other natural objects	三、矿物及其他自然物	名 詞	kerosine // paraffin	-
58	58	汽油	29	nouns	minerals and other natural objects	三、矿物及其他自然物	名 詞	petrol	-
59	59	石头	30	nouns	minerals and other natural objects	三、矿物及其他自然物	名 詞	stone	-
60	60	泥	30	nouns	minerals and other natural objects	三、矿物及其他自然物	名 詞	mud // earth // clay	-
61	61	土	31	nouns	minerals and other natural objects	三、矿物及其他自然物	名 詞	soil // earth	-
62	62	灰尘	31	nouns	minerals and other natural objects	三、矿物及其他自然物	名 詞	dust	-
63	63	老虎	32	nouns	animals	四、动物	名 詞	tiger	-
64	64	獅子	32	nouns	animals	四、动物	名 詞	lion	狮子
65	65	豹子	33	nouns	animals	四、动物	名 詞	leopard // panther	-
66	66	狼	33	nouns	animals	四、动物	名 詞	wolf	-
67	67	鹿	34	nouns	animals	四、动物	名 詞	dee	-
68	68	猴子	34	nouns	animals	四、动物	名 詞	monkey	-
69	69	兎子	35	nouns	animals	四、动物	名 詞	rabbit // hare	兔子
70	70	老鼠	35	nouns	animals	四、动物	名 詞	rat // mouse	-
71	71	老鹰	36	nouns	animals	四、动物	名 詞	hawk // eagle	-
72	72	猫头鹰	36	nouns	animals	四、动物	名 詞	owl	-
73	73	雁	37	nouns	animals	四、动物	名 詞	wild goose	-
74	74	燕子	37	nouns	animals	四、动物	名 詞	swallow	-
75	75	烏鴉	38	nouns	animals	四、动物	名 詞	crow	-
76	76	喜鹊	38	nouns	animals	四、动物	名 詞	magpie	-
77	77	麻雀	39	nouns	animals	四、动物	名 詞	sparrow	-
78	78	鸽子	39	nouns	animals	四、动物	名 詞	pigeon // dove	-
79	79	八哥	40	nouns	animals	四、动物	名 詞	crested myna	-
80	80	牲口	40	nouns	animals	四、动物	名 詞	cattle	-
81	81	公牛	41	nouns	animals	四、动物	名 詞	bull	-
82	82	母牛	41	nouns	animals	四、动物	名 詞	cow	-
83	83	公馬	42	nouns	animals	四、动物	名 詞	stallion	-
84	84	母馬	42	nouns	animals	四、动物	名 詞	mare	-
85	85	公猪	43	nouns	animals	四、动物	名 詞	male pig	-
86	86	母猪	43	nouns	animals	四、动物	名 詞	sow	-
87	87	公狗	44	nouns	animals	四、动物	名 詞	male dog	-
88	88	母狗	44	nouns	animals	四、动物	名 詞	female dog	-
89	89	驴	45	nouns	animals	四、动物	名 詞	donkey // ass	-
90	90	騾子	45	nouns	animals	四、动物	名 詞	mule	-
91	91	羊	46	nouns	animals	四、动物	名 詞	sheep // goat	-
92	92	猫	46	nouns	animals	四、动物	名 詞	cat	-
93	93	公鸡	47	nouns	animals	四、动物	名 詞	rooster // cock	-
94	94	閹鸡	47	nouns	animals	四、动物	名 詞	capon	-
95	95	母鸡	48	nouns	animals	四、动物	名 詞	chicken // hen	-
96	96	小鸡儿	48	nouns	animals	四、动物	名 詞	birdy / small bird	-
97	97	鴨子	49	nouns	animals	四、动物	名 詞	duck	-
98	98	鵝	49	nouns	animals	四、动物	名 詞	goose	-
99	99	鲤魚	50	nouns	animals	四、动物	名 詞	carp	-
100	100	鯽魚	50	nouns	animals	四、动物	名 詞	crucian carp	-
101	101	黃花魚	51	nouns	animals	四、动物	名 詞	yellow croaker	-
102	102	螃蟹	51	nouns	animals	四、动物	名 詞	crab	-
103	103	虾	52	nouns	animals	四、动物	名 詞	shrimp // prawn	-
104	104	蚌	52	nouns	animals	四、动物	名 詞	oysters, mussels; mother-of-pearl	-
105	105	靑蛙	53	nouns	animals	四、动物	名 詞	frog	青蛙
106	106	癩蛤蟆	53	nouns	animals	四、动物	名 詞	toad	-
107	107	烏龟	54	nouns	animals	四、动物	名 詞	turtle	乌龟
108	108	蝸牛	54	nouns	animals	四、动物	名 詞	snail	-
109	109	蚯蚓	55	nouns	animals	四、动物	名 詞	earthworm	-
110	110	蚕	55	nouns	animals	四、动物	名 詞	silkworms	-
111	111	蜜蜂	56	nouns	animals	四、动物	名 詞	bee	-
112	112	蝴蝶	56	nouns	animals	四、动物	名 詞	butterfly	-
113	113	蜻蜓	57	nouns	animals	四、动物	名 詞	dragonfly	-
114	114	蝉	57	nouns	animals	四、动物	名 詞	cicada; continuous	-
115	115	螢火虫	58	nouns	animals	四、动物	名 詞	firefly	萤火虫
116	116	蟋蟀	58	nouns	animals	四、动物	名 詞	cricket	-
117	117	螞蚁	59	nouns	animals	四、动物	名 詞	ant	-
118	118	蒼蝇	59	nouns	animals	四、动物	名 詞	housefly	-
119	119	蚊子	60	nouns	animals	四、动物	名 詞	mosquito	-
120	120	臭虫	60	nouns	animals	四、动物	名 詞	bedbug	-
121	121	蜘蛛	61	nouns	animals	四、动物	名 詞	spider	-
122	122	蜈蚣	61	nouns	animals	四、动物	名 詞	centipede	-
123	123	蛇	62	nouns	animals	四、动物	名 詞	snake	-
124	124	壁虎	62	nouns	animals	四、动物	名 詞	gecko	-
125	125	翅膀	63	nouns	animals	四、动物	名 詞	wing	-
126	126	蹄子	63	nouns	animals	四、动物	名 詞	hoof // leg of pork	-
127	127	爪子	64	nouns	animals	四、动物	名 詞	claw	-
128	128	尾巴	64	nouns	animals	四、动物	名 詞	tail	-
129	129	鳞	65	nouns	animals	四、动物	名 詞	fish scales	-
130	130	梅花	65	nouns	plants	五、植物	名 詞	plum blossom	-
131	131	杏花	66	nouns	plants	五、植物	名 詞	-	?
132	132	桃花	66	nouns	plants	五、植物	名 詞	-	?
133	133	荷花	67	nouns	plants	五、植物	名 詞	lotus	-
134	134	桂花	67	nouns	plants	五、植物	名 詞	-	?
135	135	艾	68	nouns	plants	五、植物	名 詞	artemisia // mugwort	-
136	136	棉花	68	nouns	plants	五、植物	名 詞	cotton // raw cotton	-
137	137	稻子	69	nouns	plants	五、植物	名 詞	rice (daozi)	稻子
138	138	大米	70	nouns	plants	五、植物	名 詞	rice (dami)	-
139	139	糯米	70	nouns	plants	五、植物	名 詞	polished glutinous rice	-
140	140	麦子	71	nouns	plants	五、植物	名 詞	wheat	-
141	141	面粉	71	nouns	plants	五、植物	名 詞	flour	-
142	142	谷子	72	nouns	plants	五、植物	名 詞	millet // unhusked rice	-
143	143	小米	72	nouns	plants	五、植物	名 詞	millet	-
144	144	麸子	73	nouns	plants	五、植物	名 詞	bran	-
145	145	糠	73	nouns	plants	五、植物	名 詞	chaff // bran // husks	-
146	146	高粱	74	nouns	plants	五、植物	名 詞	sorghum	-
147	147	玉米	74	nouns	plants	五、植物	名 詞	maize	-
148	148	花生	75	nouns	plants	五、植物	名 詞	peanut	-
149	149	向日葵	75	nouns	plants	五、植物	名 詞	sunflower	-
150	150	甘薯	76	nouns	plants	五、植物	名 詞	sweet potato	-
151	151	马铃薯	76	nouns	plants	五、植物	名 詞	potato	-
152	152	蔬菜	77	nouns	plants	五、植物	名 詞	vegetable	-
153	153	卷心菜	77	nouns	plants	五、植物	名 詞	cabbage	-
154	154	南瓜	78	nouns	plants	五、植物	名 詞	pumpkin	-
155	155	冬瓜	78	nouns	plants	五、植物	名 詞	wax gourd //white gourd	-
156	156	黃瓜	79	nouns	plants	五、植物	名 詞	cucumber	-
157	157	萝卜	79	nouns	plants	五、植物	名 詞	radish	-
158	158	茄子	80	nouns	plants	五、植物	名 詞	eggplant	-
159	159	番茄	80	nouns	plants	五、植物	名 詞	tomato	-
160	160	韭菜	81	nouns	plants	五、植物	名 詞	tuber onion	-
161	161	葱	81	nouns	plants	五、植物	名 詞	scallions // green onions	-
162	162	蒜	82	nouns	plants	五、植物	名 詞	garlic	-
163	163	辣椒	82	nouns	plants	五、植物	名 詞	chilli // red pepper	-
164	164	水果	83	nouns	plants	五、植物	名 詞	fruit	-
165	165	桃儿	83	nouns	plants	五、植物	名 詞	peach	-
166	166	梨	84	nouns	plants	五、植物	名 詞	pear	-
167	167	桔子	84	nouns	plants	五、植物	名 詞	mandarine	-
168	168	柚子	85	nouns	plants	五、植物	名 詞	pomelo	-
169	169	梅子	85	nouns	plants	五、植物	名 詞	mume	-
170	170	葡萄	86	nouns	plants	五、植物	名 詞	grape	-
171	171	樱桃	86	nouns	plants	五、植物	名 詞	cherry	-
172	172	橄榄	87	nouns	plants	五、植物	名 詞	olive	-
173	173	荸薺	87	nouns	plants	五、植物	名 詞	water chestnut	-
174	174	枣儿	88	nouns	plants	五、植物	名 詞	jujube	-
175	175	栗子	88	nouns	plants	五、植物	名 詞	chestnut	-
176	176	核桃	89	nouns	plants	五、植物	名 詞	walnut	-
177	177	香蕉	89	nouns	plants	五、植物	名 詞	banana	-
178	178	荔枝	90	nouns	plants	五、植物	名 詞	litchi // lychee	-
179	179	桂圓	90	nouns	plants	五、植物	名 詞	longan	-
180	180	西瓜	91	nouns	plants	五、植物	名 詞	watermelon	-
181	181	核儿	91	nouns	plants	五、植物	名 詞	kernel // pip // stone (of fruit)	-
182	182	果皮	92	nouns	plants	五、植物	名 詞	peel // skin of fruit	-
183	183	早飯	92	nouns	food	六、飮食	名 詞	breakfast	-
184	184	午飯	93	nouns	food	六、飮食	名 詞	lunch	-
185	185	晚飯	93	nouns	food	六、飮食	名 詞	supper	-
186	186	米飯	94	nouns	food	六、飮食	名 詞	cooked rice	-
187	187	粥	94	nouns	food	六、飮食	名 詞	rice gruel // congee	-
188	188	米湯	95	nouns	food	六、飮食	名 詞	thin rice or millet gruel	-
189	189	饅头	95	nouns	food	六、飮食	名 詞	steamed bun	-
190	190	包子	96	nouns	food	六、飮食	名 詞	steamed stuffed bun	-
191	191	餃子	96	nouns	food	六、飮食	名 詞	dumpling (jiaozi)	-
192	192	餛飩	97	nouns	food	六、飮食	名 詞	dumpling (won ton)	-
193	193	面条儿	97	nouns	food	六、飮食	名 詞	noodles	-
194	194	糕	98	nouns	food	六、飮食	名 詞	cakes // pastry	-
195	195	餡儿	98	nouns	food	六、飮食	名 詞	stuffing (in food)	-
196	196	菜(菜肴）	99	nouns	food	六、飮食	名 詞	dish (food)	-
197	197	荤菜	99	nouns	food	六、飮食	名 詞	meat dishes	-
198	198	素菜	100	nouns	food	六、飮食	名 詞	vegetable dishes	-
199	199	湯	100	nouns	food	六、飮食	名 詞	soup	-
200	200	猪肉	101	nouns	food	六、飮食	名 詞	pork	-
201	201	猪肝	101	nouns	food	六、飮食	名 詞	pork liver	-
202	202	猪舌头	102	nouns	food	六、飮食	名 詞	pork tongue	-
203	203	鸡蛋	102	nouns	food	六、飮食	名 詞	egg	-
204	204	腐乳	103	nouns	food	六、飮食	名 詞	fermented bean curd	-
205	205	粉条儿	103	nouns	food	六、飮食	名 詞	-	???
206	206	作料	104	nouns	food	六、飮食	名 詞	condiments // seasoning	-
207	207	猪油	104	nouns	food	六、飮食	名 詞	pork fat	-
208	208	酱油	105	nouns	food	六、飮食	名 詞	soy sauce	-
209	209	醋	105	nouns	food	六、飮食	名 詞	vinegar	-
210	210	糖	106	nouns	food	六、飮食	名 詞	sugar //  sweets	-
211	211	蜂蜜	106	nouns	food	六、飮食	名 詞	honey	-
212	212	酒	107	nouns	food	六、飮食	名 詞	alcoholic beverage	-
213	213	茶	107	nouns	food	六、飮食	名 詞	tea	-
214	214	冰淇淋	108	nouns	food	六、飮食	名 詞	ice cream	-
215	215	冰棍儿	108	nouns	food	六、飮食	名 詞	popsicle	-
216	216	开水	109	nouns	food	六、飮食	名 詞	boiled water	-
217	217	紙烟	109	nouns	food	六、飮食	名 詞	cigarette	-
218	218	衣服	110	nouns	clothing	七、服飾	名 詞	clothes	-
219	219	上衣	110	nouns	clothing	七、服飾	名 詞	jacket	-
220	220	衬衫	111	nouns	clothing	七、服飾	名 詞	shirt	-
221	221	汗衫	111	nouns	clothing	七、服飾	名 詞	undershirt	-
222	222	夹祅	112	nouns	clothing	七、服飾	名 詞	-	???
223	223	毛衣	112	nouns	clothing	七、服飾	名 詞	woolen sweater	-
224	224	大衣	113	nouns	clothing	七、服飾	名 詞	coat	-
225	225	裤子	113	nouns	clothing	七、服飾	名 詞	trousers	-
226	226	群子	114	nouns	clothing	七、服飾	名 詞	skirt	-
227	227	短褲	114	nouns	clothing	七、服飾	名 詞	shorts	-
228	228	帽子	115	nouns	clothing	七、服飾	名 詞	hat	-
229	229	鞋	115	nouns	clothing	七、服飾	名 詞	shoes // footwear	-
230	230	拖鞋	116	nouns	clothing	七、服飾	名 詞	slippers	-
231	231	木拖鞋	116	nouns	clothing	七、服飾	名 詞	wooden slippers	-
232	232	靴子	117	nouns	clothing	七、服飾	名 詞	boots	-
233	233	围巾	117	nouns	clothing	七、服飾	名 詞	shawl	-
234	234	手套	118	nouns	clothing	七、服飾	名 詞	glove	-
235	235	袜子	118	nouns	clothing	七、服飾	名 詞	socks	-
236	236	毛巾	119	nouns	clothing	七、服飾	名 詞	towel // washcloth	-
237	237	手帕	119	nouns	clothing	七、服飾	名 詞	handkerchief	-
238	238	围嘴儿	120	nouns	clothing	七、服飾	名 詞	bib	-
239	239	領子	120	nouns	clothing	七、服飾	名 詞	collar	-
240	240	袖子	121	nouns	clothing	七、服飾	名 詞	sleeve	-
241	241	里子	121	nouns	clothing	七、服飾	名 詞	lining;entrails;inside of clothes	???
242	242	房子	122	nouns	living, dwelling	八、房屋	名 詞	Building // house	-
243	243	屋子	122	nouns	living, dwelling	八、房屋	名 詞	room	-
244	244	正房	123	nouns	living, dwelling	八、房屋	名 詞	principal rooms (in a courtyard) // middle room in the whole house	-
245	245	厢房	123	nouns	living, dwelling	八、房屋	名 詞	wing-room	-
246	246	厨房	124	nouns	living, dwelling	八、房屋	名 詞	kitchen	-
247	247	厠所	124	nouns	living, dwelling	八、房屋	名 詞	toilet	-
248	248	柱子	125	nouns	living, dwelling	八、房屋	名 詞	column // pillar	-
249	249	房梁	125	nouns	living, dwelling	八、房屋	名 詞	-	???
250	250	墙	126	nouns	living, dwelling	八、房屋	名 詞	wall	-
251	251	窗子	126	nouns	living, dwelling	八、房屋	名 詞	window	-
252	252	鬥檻儿	127	nouns	living, dwelling	八、房屋	名 詞	-	???
253	253	晒台	127	nouns	living, dwelling	八、房屋	名 詞	flat roof	-
254	254	栏杆	128	nouns	living, dwelling	八、房屋	名 詞	balustrade	-
255	255	台阶	128	nouns	living, dwelling	八、房屋	名 詞	steps (of stairs)	-
256	256	楼梯	129	nouns	living, dwelling	八、房屋	名 詞	stairs	-
257	257	院子	129	nouns	living, dwelling	八、房屋	名 詞	courtyard	-
258	258	天井	130	nouns	living, dwelling	八、房屋	名 詞	courtyard	-
259	259	井	130	nouns	living, dwelling	八、房屋	名 詞	well	-
260	260	家俱	131	nouns	tools of daily use	九、器具、日常用具	名 詞	furniture	-
261	261	桌子	131	nouns	tools of daily use	九、器具、日常用具	名 詞	table	-
262	262	椅子	132	nouns	tools of daily use	九、器具、日常用具	名 詞	chair	-
263	263	凳子	132	nouns	tools of daily use	九、器具、日常用具	名 詞	stool	-
264	264	书桌	133	nouns	tools of daily use	九、器具、日常用具	名 詞	desk	-
265	265	柜子	133	nouns	tools of daily use	九、器具、日常用具	名 詞	cupboard	-
266	266	抽屜	134	nouns	tools of daily use	九、器具、日常用具	名 詞	drawer	-
267	267	盒子	134	nouns	tools of daily use	九、器具、日常用具	名 詞	box	-
268	268	箱子	135	nouns	tools of daily use	九、器具、日常用具	名 詞	case // box	-
269	269	皮箱	135	nouns	tools of daily use	九、器具、日常用具	名 詞	leather case	-
270	270	床	136	nouns	tools of daily use	九、器具、日常用具	名 詞	bed	-
271	271	被子	136	nouns	tools of daily use	九、器具、日常用具	名 詞	quilt	-
272	272	褥子	137	nouns	tools of daily use	九、器具、日常用具	名 詞	puff	-
273	273	毯子	137	nouns	tools of daily use	九、器具、日常用具	名 詞	carpet	-
274	274	枕头	138	nouns	tools of daily use	九、器具、日常用具	名 詞	pillow	-
275	275	席子	138	nouns	tools of daily use	九、器具、日常用具	名 詞	mat	-
276	276	帐子	139	nouns	tools of daily use	九、器具、日常用具	名 詞	bed-curtain	-
277	277	鍋	139	nouns	tools of daily use	九、器具、日常用具	名 詞	cooking-pot	-
278	278	鍋鏟	140	nouns	tools of daily use	九、器具、日常用具	名 詞	-	???
279	279	菜刀	140	nouns	tools of daily use	九、器具、日常用具	名 詞	kitchen knife	-
280	280	筷子	141	nouns	tools of daily use	九、器具、日常用具	名 詞	chopsticks	-
281	281	调羹	141	nouns	tools of daily use	九、器具、日常用具	名 詞	spoon	-
282	282	缸	142	nouns	tools of daily use	九、器具、日常用具	名 詞	earthen jug	-
283	283	水瓢	142	nouns	tools of daily use	九、器具、日常用具	名 詞	-	???
284	284	坛子	143	nouns	tools of daily use	九、器具、日常用具	名 詞	earthern jug	-
285	285	罐子	143	nouns	tools of daily use	九、器具、日常用具	名 詞	pot // jug	-
286	286	瓶子	144	nouns	tools of daily use	九、器具、日常用具	名 詞	bottle	-
287	287	木柴	144	nouns	tools of daily use	九、器具、日常用具	名 詞	firewood	-
288	288	木炭	145	nouns	tools of daily use	九、器具、日常用具	名 詞	wood charcoal	-
289	289	火炉	145	nouns	tools of daily use	九、器具、日常用具	名 詞	stove	-
290	290	热水瓶	146	nouns	tools of daily use	九、器具、日常用具	名 詞	thermos bottle	-
291	291	浆糊	146	nouns	tools of daily use	九、器具、日常用具	名 詞	glue	-
292	292	針	147	nouns	tools of daily use	九、器具、日常用具	名 詞	needle	-
293	293	頂針儿	147	nouns	tools of daily use	九、器具、日常用具	名 詞	-	???
294	294	綫	148	nouns	tools of daily use	九、器具、日常用具	名 詞	thread // wire	-
295	295	绳子	148	nouns	tools of daily use	九、器具、日常用具	名 詞	rope	-
296	296	鎖	149	nouns	tools of daily use	九、器具、日常用具	名 詞	lock	-
297	297	钥匙	149	nouns	tools of daily use	九、器具、日常用具	名 詞	key	-
298	298	扇子	150	nouns	tools of daily use	九、器具、日常用具	名 詞	fan	-
299	299	伞	150	nouns	tools of daily use	九、器具、日常用具	名 詞	umbrella	-
300	300	拐杖	151	nouns	tools of daily use	九、器具、日常用具	名 詞	walking staff	-
301	301	电筒	151	nouns	tools of daily use	九、器具、日常用具	名 詞	flashlight	-
302	302	蜡烛	152	nouns	tools of daily use	九、器具、日常用具	名 詞	candle	-
303	303	火柴	152	nouns	tools of daily use	九、器具、日常用具	名 詞	match	-
304	304	肥皂	153	nouns	tools of daily use	九、器具、日常用具	名 詞	soap	-
305	305	牙刷	153	nouns	tools of daily use	九、器具、日常用具	名 詞	toothbrush	-
306	306	抹布	154	nouns	tools of daily use	九、器具、日常用具	名 詞	dish towel	-
307	307	扫帚	154	nouns	tools of daily use	九、器具、日常用具	名 詞	broom	-
308	308	撣子	155	nouns	tools of daily use	九、器具、日常用具	名 詞	whisk;duster	-
309	309	簸箕	155	nouns	tools of daily use	九、器具、日常用具	名 詞	dustpan	-
310	310	痰盂	156	nouns	tools of daily use	九、器具、日常用具	名 詞	spittoon	-
311	311	算盘	156	nouns	instruments, material	十、工具、材料	名 詞	abacus	-
312	312	秤	157	nouns	instruments, material	十、工具、材料	名 詞	scale	-
313	313	戥子	157	nouns	instruments, material	十、工具、材料	名 詞	-	???
314	314	尺	158	nouns	instruments, material	十、工具、材料	名 詞	foot (measure)	-
315	315	剪子	158	nouns	instruments, material	十、工具、材料	名 詞	scissors	-
316	316	锤子	159	nouns	instruments, material	十、工具、材料	名 詞	hammer	-
317	317	斧头	159	nouns	instruments, material	十、工具、材料	名 詞	axe	-
318	318	钳子	160	nouns	instruments, material	十、工具、材料	名 詞	pincers	-
319	319	镊子	160	nouns	instruments, material	十、工具、材料	名 詞	tweezers	-
320	320	凿子	161	nouns	instruments, material	十、工具、材料	名 詞	chisel	-
321	321	鋸子	161	nouns	instruments, material	十、工具、材料	名 詞	saw (tool)	-
322	322	銼刀	162	nouns	instruments, material	十、工具、材料	名 詞	file (tool)	-
323	323	钻子	162	nouns	instruments, material	十、工具、材料	名 詞	drill (tool)	-
324	324	錐子	163	nouns	instruments, material	十、工具、材料	名 詞	awl	-
325	325	鉋子	163	nouns	instruments, material	十、工具、材料	名 詞	-	???
326	326	小刀儿	164	nouns	instruments, material	十、工具、材料	名 詞	small knife	-
327	327	钩子	164	nouns	instruments, material	十、工具、材料	名 詞	hook	-
328	328	釘子	165	nouns	instruments, material	十、工具、材料	名 詞	nail (tool)	-
329	329	梯子	165	nouns	instruments, material	十、工具、材料	名 詞	stairs // ladder	-
330	330	鋤头	166	nouns	instruments, material	十、工具、材料	名 詞	hoe (tool)	锄头
331	331	鐮刀	166	nouns	instruments, material	十、工具、材料	名 詞	sickle (tool)	-
332	332	扁担	167	nouns	instruments, material	十、工具、材料	名 詞	shoulder-pole	-
333	333	篩子	167	nouns	instruments, material	十、工具、材料	名 詞	sieve (tool)	-
334	334	輪子	168	nouns	instruments, material	十、工具、材料	名 詞	wheel	-
335	335	木头	168	nouns	instruments, material	十、工具、材料	名 詞	wood	-
336	336	竹子	169	nouns	instruments, material	十、工具、材料	名 詞	bamboo	-
337	337	石灰	169	nouns	instruments, material	十、工具、材料	名 詞	limestone	-
338	338	水泥	170	nouns	instruments, material	十、工具、材料	名 詞	cement	-
339	339	橡胶	170	nouns	instruments, material	十、工具、材料	名 詞	rubber	-
340	340	漆	171	nouns	instruments, material	十、工具、材料	名 詞	varnish // paint	-
341	341	玻璃	171	nouns	instruments, material	十、工具、材料	名 詞	glass	-
342	342	錢	172	nouns	business, communication, traffic	十一、商业、邮电、交通	名 詞	money	-
343	343	商店	172	nouns	business, communication, traffic	十一、商业、邮电、交通	名 詞	store	-
344	344	飯館	173	nouns	business, communication, traffic	十一、商业、邮电、交通	名 詞	restaurant	-
345	345	邮局	173	nouns	business, communication, traffic	十一、商业、邮电、交通	名 詞	post office	-
346	346	邮票	174	nouns	business, communication, traffic	十一、商业、邮电、交通	名 詞	postage stamp	-
347	347	車站	174	nouns	business, communication, traffic	十一、商业、邮电、交通	名 詞	stop // station	-
348	348	碼头	175	nouns	business, communication, traffic	十一、商业、邮电、交通	名 詞	pier // quay	-
349	349	汽車	175	nouns	business, communication, traffic	十一、商业、邮电、交通	名 詞	automobile	-
350	350	自行車	176	nouns	business, communication, traffic	十一、商业、邮电、交通	名 詞	bicycle	-
351	351	人力車	176	nouns	business, communication, traffic	十一、商业、邮电、交通	名 詞	rickshaw	-
352	352	輪船	177	nouns	business, communication, traffic	十一、商业、邮电、交通	名 詞	steamship	-
353	353	汽船	177	nouns	business, communication, traffic	十一、商业、邮电、交通	名 詞	steamship	-
354	354	小船儿	178	nouns	business, communication, traffic	十一、商业、邮电、交通	名 詞	boat (small ship)	-
355	355	街道	178	nouns	business, communication, traffic	十一、商业、邮电、交通	名 詞	street	-
356	356	人行道	179	nouns	business, communication, traffic	十一、商业、邮电、交通	名 詞	sidewalk (pavement)	-
357	357	巷	179	nouns	business, communication, traffic	十一、商业、邮电、交通	名 詞	alley // lane	-
358	358	桥	180	nouns	business, communication, traffic	十一、商业、邮电、交通	名 詞	bridge	-
359	359	学校	180	nouns	culture, music	十二、文化、娛乐	名 詞	school (educational institution)	-
360	360	书	181	nouns	culture, music	十二、文化、娛乐	名 詞	book	-
361	361	本子	181	nouns	culture, music	十二、文化、娛乐	名 詞	notebook // booklet	-
362	362	紙	182	nouns	culture, music	十二、文化、娛乐	名 詞	paper	-
363	363	硯台	182	nouns	culture, music	十二、文化、娛乐	名 詞	inkstone	-
364	364	毛笔	183	nouns	culture, music	十二、文化、娛乐	名 詞	writing brush	-
365	365	鋼笔	183	nouns	culture, music	十二、文化、娛乐	名 詞	fountain pen	钢笔
366	366	信	184	nouns	culture, music	十二、文化、娛乐	名 詞	letter	-
367	367	信封儿	184	nouns	culture, music	十二、文化、娛乐	名 詞	envelope	-
368	368	信紙	185	nouns	culture, music	十二、文化、娛乐	名 詞	letter paper	-
369	369	橡皮圈儿	185	nouns	culture, music	十二、文化、娛乐	名 詞	rubber seal	-
370	370	图章	186	nouns	culture, music	十二、文化、娛乐	名 詞	seal // stamp	-
371	371	徽章	186	nouns	culture, music	十二、文化、娛乐	名 詞	badge // emblem	-
372	372	相片	187	nouns	culture, music	十二、文化、娛乐	名 詞	foto (picture)	-
373	373	电影	187	nouns	culture, music	十二、文化、娛乐	名 詞	film (movie)	-
374	374	故事	188	nouns	culture, music	十二、文化、娛乐	名 詞	history // story	-
375	375	球	188	nouns	culture, music	十二、文化、娛乐	名 詞	ball	-
376	376	秋千	189	nouns	culture, music	十二、文化、娛乐	名 詞	swing	-
377	377	风箏	189	nouns	culture, music	十二、文化、娛乐	名 詞	kite	-
378	378	炮仗	190	nouns	culture, music	十二、文化、娛乐	名 詞	firecracker	-
379	379	哨子	190	nouns	culture, music	十二、文化、娛乐	名 詞	whistle	-
380	380	头	191	nouns	human body	十三、人体	名 詞	head	-
381	381	头髮	191	nouns	human body	十三、人体	名 詞	hair (of head)	-
382	382	前額	192	nouns	human body	十三、人体	名 詞	forehead	-
383	383	眼晴	192	nouns	human body	十三、人体	名 詞	eye	眼睛
384	384	鼻子	193	nouns	human body	十三、人体	名 詞	nose	-
385	385	耳朵	193	nouns	human body	十三、人体	名 詞	ear	-
386	386	嘴	194	nouns	human body	十三、人体	名 詞	mouth	-
387	387	舌头	194	nouns	human body	十三、人体	名 詞	tongue	-
388	388	脖子	195	nouns	human body	十三、人体	名 詞	neck	脖子
389	389	夹肢窝	195	nouns	human body	十三、人体	名 詞	armpit	-
390	390	胳膊	196	nouns	human body	十三、人体	名 詞	arm	-
391	391	左手	196	nouns	human body	十三、人体	名 詞	left hand // left side	-
392	392	右手	197	nouns	human body	十三、人体	名 詞	right hand // right side	-
393	393	手指头	197	nouns	human body	十三、人体	名 詞	fingertip	-
394	394	大姆指	198	nouns	human body	十三、人体	名 詞	thumb	-
395	395	小姆指	198	nouns	human body	十三、人体	名 詞	little finger	-
396	396	指甲	199	nouns	human body	十三、人体	名 詞	fingernail	-
397	397	屁股	199	nouns	human body	十三、人体	名 詞	buttocks	-
398	398	大腿	200	nouns	human body	十三、人体	名 詞	thigh (upper leg)	-
399	399	膝盖	200	nouns	human body	十三、人体	名 詞	knee	膝盖
400	400	男人	201	nouns	human character	十四、人品	名 詞	man	-
401	401	女人	201	nouns	human character	十四、人品	名 詞	woman	-
402	402	老头儿	202	nouns	human character	十四、人品	名 詞	old man	-
403	403	老太婆	202	nouns	human character	十四、人品	名 詞	old woman	-
404	404	小伙子	203	nouns	human character	十四、人品	名 詞	young fellow	-
405	405	小孩儿	203	nouns	human character	十四、人品	名 詞	child	-
406	406	男孩儿	204	nouns	human character	十四、人品	名 詞	boy	-
407	407	女孩儿	204	nouns	human character	十四、人品	名 詞	girl	-
408	408	聋子	205	nouns	human character	十四、人品	名 詞	deaf person	-
409	409	瞎子	205	nouns	human character	十四、人品	名 詞	blind person	-
410	410	哑吧	206	nouns	human character	十四、人品	名 詞	mute person	-
411	411	結巴	206	nouns	human character	十四、人品	名 詞	stammerer // stutterer	-
412	412	麻子	207	nouns	human character	十四、人品	名 詞	person with a pockmarked face	-
413	413	禿子	207	nouns	human character	十四、人品	名 詞	baldhead	-
414	414	駝子	208	nouns	human character	十四、人品	名 詞	humpback	-
415	415	跛子	208	nouns	human character	十四、人品	名 詞	lame person	-
416	416	疯子	209	nouns	human character	十四、人品	名 詞	mad person	-
417	417	单身汉	209	nouns	human character	十四、人品	名 詞	bachelor	-
418	418	寡妇	210	nouns	human character	十四、人品	名 詞	widow	-
419	419	双胞胎	210	nouns	human character	十四、人品	名 詞	twins	-
420	420	小偷	211	nouns	human character	十四、人品	名 詞	thief	-
421	421	强盜	211	nouns	human character	十四、人品	名 詞	robber	-
422	422	爷爷	212	nouns	kinship terms	十五、亲属称呼	名 詞	grandfather	-
423	423	奶奶	212	nouns	kinship terms	十五、亲属称呼	名 詞	grandmother	-
424	424	爸爸	213	nouns	kinship terms	十五、亲属称呼	名 詞	father // daddy	-
425	425	媽媽	213	nouns	kinship terms	十五、亲属称呼	名 詞	mother // mommy	-
426	426	后母	214	nouns	kinship terms	十五、亲属称呼	名 詞	stepmother	-
427	427	伯父	214	nouns	kinship terms	十五、亲属称呼	名 詞	father's elder brother // uncle	-
428	428	伯母	215	nouns	kinship terms	十五、亲属称呼	名 詞	wife of fatherss elder brother // aunt	-
429	429	叔父	215	nouns	kinship terms	十五、亲属称呼	名 詞	uncle	-
430	430	嬸母	216	nouns	kinship terms	十五、亲属称呼	名 詞	wife of father's younger brother // aunt	-
431	431	姑父	216	nouns	kinship terms	十五、亲属称呼	名 詞	husband of father's sister // uncle	-
432	432	姑母	217	nouns	kinship terms	十五、亲属称呼	名 詞	-	?
433	433	外公	217	nouns	kinship terms	十五、亲属称呼	名 詞	-	?
434	434	外婆	218	nouns	kinship terms	十五、亲属称呼	名 詞	-	?
435	435	萬父	218	nouns	kinship terms	十五、亲属称呼	名 詞	-	?
436	436	與母	219	nouns	kinship terms	十五、亲属称呼	名 詞	-	?
437	437	姨父	219	nouns	kinship terms	十五、亲属称呼	名 詞	uncle // husband of one's maternal aunt	-
438	438	姨母	220	nouns	kinship terms	十五、亲属称呼	名 詞	maternal aunt	-
439	439	丈人	220	nouns	kinship terms	十五、亲属称呼	名 詞	-	?
440	440	丈母	221	nouns	kinship terms	十五、亲属称呼	名 詞	-	?
441	441	公公	221	nouns	kinship terms	十五、亲属称呼	名 詞	husband's father // father-in-law	-
442	442	婆婆	222	nouns	kinship terms	十五、亲属称呼	名 詞	husband's mother // mother-in-law	-
443	443	丈夫	222	nouns	kinship terms	十五、亲属称呼	名 詞	husband	-
444	444	妻子	223	nouns	kinship terms	十五、亲属称呼	名 詞	wife	-
445	445	哥哥	223	nouns	kinship terms	十五、亲属称呼	名 詞	elder brother	-
446	446	嫂子	224	nouns	kinship terms	十五、亲属称呼	名 詞	-	?
447	447	弟弟	224	nouns	kinship terms	十五、亲属称呼	名 詞	younger brother	-
448	448	姐姐	225	nouns	kinship terms	十五、亲属称呼	名 詞	elder sister	-
449	449	姐夫	225	nouns	kinship terms	十五、亲属称呼	名 詞	brother-in-law // elder sister's husband	-
450	450	妹妹	226	nouns	kinship terms	十五、亲属称呼	名 詞	younger sister	-
451	451	妹夫	226	nouns	kinship terms	十五、亲属称呼	名 詞	brother-in-law // younger sister's husband	-
452	452	大伯子	227	nouns	kinship terms	十五、亲属称呼	名 詞	brother-in-law // husband's elder brother	-
453	453	小叔子	227	nouns	kinship terms	十五、亲属称呼	名 詞	-	?
454	454	大姑子	228	nouns	kinship terms	十五、亲属称呼	名 詞	-	?
455	455	小姑子	228	nouns	kinship terms	十五、亲属称呼	名 詞	sister-in-law	?
456	456	儿子	229	nouns	kinship terms	十五、亲属称呼	名 詞	son	?
457	457	媳妇	229	nouns	kinship terms	十五、亲属称呼	名 詞	son's wife	-
458	458	女儿	230	nouns	kinship terms	十五、亲属称呼	名 詞	daughter	-
459	459	女婿	230	nouns	kinship terms	十五、亲属称呼	名 詞	son-in-law	?
460	460	侄儿	231	nouns	kinship terms	十五、亲属称呼	名 詞	-	?
461	461	侄女	231	nouns	kinship terms	十五、亲属称呼	名 詞	niece	?
462	462	外甥	232	nouns	kinship terms	十五、亲属称呼	名 詞	nephew // sister's son	-
463	463	孙子	232	nouns	kinship terms	十五、亲属称呼	名 詞	grandson	-
464	464	孙女	233	nouns	kinship terms	十五、亲属称呼	名 詞	granddaughter	-
465	465	外孙	233	nouns	kinship terms	十五、亲属称呼	名 詞	daughter's son // grandson	-
466	466	前面	234	nouns	directions	十六、方位	名 詞	front // front side	-
467	467	后面	234	nouns	directions	十六、方位	名 詞	back // back side	-
468	468	里面	235	nouns	directions	十六、方位	名 詞	in // inside	-
469	469	外面	235	nouns	directions	十六、方位	名 詞	out // outside	-
470	470	上面	236	nouns	directions	十六、方位	名 詞	top // top side // top	-
471	471	下面	236	nouns	directions	十六、方位	名 詞	under // below	-
472	472	中間	237	nouns	directions	十六、方位	名 詞	centre // in the middle of	-
473	473	旁边	237	nouns	directions	十六、方位	名 詞	side	-
474	474	隔壁	238	nouns	directions	十六、方位	名 詞	next to	-
475	475	城里	238	nouns	directions	十六、方位	名 詞	inside the city // downtown	-
476	476	乡下	239	nouns	directions	十六、方位	名 詞	countryside	-
477	477	东西	239	nouns	other	十七、其他	名 詞	thing	-
478	478	粉	240	nouns	other	十七、其他	名 詞	powder	-
479	479	末子	240	nouns	other	十七、其他	名 詞	dust	-
480	480	泡沫	241	nouns	other	十七、其他	名 詞	foam	-
481	481	口水	241	nouns	other	十七、其他	名 詞	saliva // spit	-
482	482	垃圾	242	nouns	other	十七、其他	名 詞	garbage // trash	-
483	483	角落	242	nouns	other	十七、其他	名 詞	corner	-
484	484	窟窿	243	nouns	other	十七、其他	名 詞	hole // cavity	-
485	485	猪圈	243	nouns	other	十七、其他	名 詞	pigsty	-
486	486	鸡窝	244	nouns	other	十七、其他	名 詞	chicken nest	-
487	487	坟	244	nouns	other	十七、其他	名 詞	grave	-
488	488	棺材	245	nouns	other	十七、其他	名 詞	coffin	-
489	489	事情	245	nouns	other	十七、其他	名 詞	affair // matter	-
490	490	刮风	246	verbs	natural change	一、自然变化	动詞	blow (of wind)	-
491	491	下雨	246	verbs	natural change	一、自然变化	动詞	rain	-
492	492	打閃	247	verbs	natural change	一、自然变化	动詞	flash (lightning)	-
493	493	打雷	247	verbs	natural change	一、自然变化	动詞	thunder	-
494	494	結冰	248	verbs	natural change	一、自然变化	动詞	freeze	-
495	495	化雪	248	verbs	natural change	一、自然变化	动詞	-	?
496	496	淋雨	249	verbs	natural change	一、自然变化	动詞	-	?
497	497	退色	249	verbs	natural change	一、自然变化	动詞	fade (loose color)	-
498	498	掉(掉下来）	250	verbs	natural change	一、自然变化	动詞	fall (down)	-
499	499	看	250	verbs	sense-related actions	二、五官动作	动詞	look // see	-
500	500	眨眼	251	verbs	sense-related actions	二、五官动作	动詞	blink (with the eyes)	-
501	501	瞪眼	251	verbs	sense-related actions	二、五官动作	动詞	stare // get angry with	-
502	502	听	252	verbs	sense-related actions	二、五官动作	动詞	hear; understand; obey, comply	-
503	503	聞	252	verbs	sense-related actions	二、五官动作	动詞	hear; smell; make known; news	-
504	504	吃	253	verbs	sense-related actions	二、五官动作	动詞	eat; drink; suffer, endure, bear	-
505	505	喝	253	verbs	sense-related actions	二、五官动作	动詞	drink; shout, call out	-
506	506	吸	254	verbs	sense-related actions	二、五官动作	动詞	inhale, suck in; absorb; attract	-
507	507	咬	254	verbs	sense-related actions	二、五官动作	动詞	bite, gnaw	-
508	508	啮	255	verbs	sense-related actions	二、五官动作	动詞	bite, gnaw	-
509	509	嚼	255	verbs	sense-related actions	二、五官动作	动詞	prattle, be glib	-
510	510	舔	256	verbs	sense-related actions	二、五官动作	动詞	lick with tongue; taste	-
511	511	呑	256	verbs	sense-related actions	二、五官动作	动詞	swallow; absorb	-
512	512	含	257	verbs	sense-related actions	二、五官动作	动詞	-	-
513	513	噴	257	verbs	sense-related actions	二、五官动作	动詞	spurt, blow out, puff out	-
514	514	吹	258	verbs	sense-related actions	二、五官动作	动詞	blow; puff; brag, boast	-
515	515	嚐	258	verbs	sense-related actions	二、五官动作	动詞	taste	-
516	516	拿	259	verbs	body-part related actions	三、肢体动作	动詞	take, hold, grasp; bring; with	-
517	517	捏	259	verbs	body-part related actions	三、肢体动作	动詞	pick with fingers; knead; mold	-
518	518	掐	260	verbs	body-part related actions	三、肢体动作	动詞	hold; gather with hand; choke	-
519	519	摸	260	verbs	body-part related actions	三、肢体动作	动詞	gently touch with hand; caress	-
520	520	捞	261	verbs	body-part related actions	三、肢体动作	动詞	scoop out of water; dredge, fish	-
521	521	找	261	verbs	body-part related actions	三、肢体动作	动詞	search, seek, look for; find	-
522	522	摘	262	verbs	body-part related actions	三、肢体动作	动詞	pluck, pick; select; specify	-
523	523	擦	262	verbs	body-part related actions	三、肢体动作	动詞	wipe, scrub, rub, scour; brush	-
524	524	搓	263	verbs	body-part related actions	三、肢体动作	动詞	to rub or roll between the hands	-
525	525	提	263	verbs	body-part related actions	三、肢体动作	动詞	hold in hand; lift in hand	-
526	526	举	264	verbs	body-part related actions	三、肢体动作	动詞	raise, lift up; recommend	-
527	527	托	264	verbs	body-part related actions	三、肢体动作	动詞	to hold up with palm; to support, rely on	-
528	528	端	265	verbs	body-part related actions	三、肢体动作	动詞	end, extreme; head; beginning	-
529	529	捧	265	verbs	body-part related actions	三、肢体动作	动詞	hold up in two hands	-
530	530	抬	266	verbs	body-part related actions	三、肢体动作	动詞	lift, carry	-
531	531	搬	266	verbs	body-part related actions	三、肢体动作	动詞	transfer, move, remove, shift	-
532	532	按	267	verbs	body-part related actions	三、肢体动作	动詞	put hand on, press down with hand	-
533	533	推	267	verbs	body-part related actions	三、肢体动作	动詞	push, expel; push forward	-
534	534	挡	268	verbs	body-part related actions	三、肢体动作	动詞	obstruct, impede; stop; resist	-
535	535	撑	268	verbs	body-part related actions	三、肢体动作	动詞	prop up, support; brace	-
536	536	拖	269	verbs	body-part related actions	三、肢体动作	动詞	drag, tow, haul; delay, prolong	-
537	537	拉	269	verbs	body-part related actions	三、肢体动作	动詞	pull, drag; seize, hold; lengthen	-
538	538	拔	270	verbs	body-part related actions	三、肢体动作	动詞	uproot, pull out	-
539	539	扶	270	verbs	body-part related actions	三、肢体动作	动詞	support, help; protect; hold on	-
540	540	搂	271	verbs	body-part related actions	三、肢体动作	动詞	hug, embrace; drag, pull	-
541	541	抱	271	verbs	body-part related actions	三、肢体动作	动詞	embrace, hold in arms, enfold	-
542	542	开	272	verbs	body-part related actions	三、肢体动作	动詞	open; initiate, begin, start	-
543	543	关	272	verbs	body-part related actions	三、肢体动作	动詞	frontier pass; close; relation	-
544	544	封	273	verbs	body-part related actions	三、肢体动作	动詞	letter, envelope; feudal	-
545	545	塞	273	verbs	body-part related actions	三、肢体动作	动詞	stop up, block, seal, cork; pass, frontier; fortress	-
546	546	盖	274	verbs	body-part related actions	三、肢体动作	动詞	cover, hide, protect	-
547	547	罩	274	verbs	body-part related actions	三、肢体动作	动詞	basket for catching fish; cover	-
548	548	套	275	verbs	body-part related actions	三、肢体动作	动詞	case, cover, wrapper, envelope	-
549	549	卷	275	verbs	body-part related actions	三、肢体动作	动詞	-	-
550	550	包	276	verbs	body-part related actions	三、肢体动作	动詞	wrap, pack, bundle; package	-
551	551	系	276	verbs	body-part related actions	三、肢体动作	动詞	system; line, link, connection	-
552	552	解	277	verbs	body-part related actions	三、肢体动作	动詞	loosen, unfasten, untie; explain	-
553	553	剝	277	verbs	body-part related actions	三、肢体动作	动詞	peel	-
554	554	折(折叠）	278	verbs	body-part related actions	三、肢体动作	动詞	-	-
555	555	叠（堆叠）	278	verbs	body-part related actions	三、肢体动作	动詞	-	-
556	556	鋪	279	verbs	body-part related actions	三、肢体动作	动詞	shop, store; place sleep, bed	-
557	557	装	279	verbs	body-part related actions	三、肢体动作	动詞	dress, clothes, attire; fill	-
558	558	打	280	verbs	body-part related actions	三、肢体动作	动詞	-	-
559	559	捅	280	verbs	body-part related actions	三、肢体动作	动詞	jab	-
560	560	碰	281	verbs	body-part related actions	三、肢体动作	动詞	collide, bump into	-
561	561	撕	281	verbs	body-part related actions	三、肢体动作	动詞	rip, tear; buy cloth	-
562	562	弹	282	verbs	body-part related actions	三、肢体动作	动詞	pellet, bullet, shot, shell	-
563	563	扔	282	verbs	body-part related actions	三、肢体动作	动詞	throw, hurl; throw away, cast	-
564	564	塡	283	verbs	body-part related actions	三、肢体动作	动詞	fill in, fill up; make good	-
565	565	埋	283	verbs	body-part related actions	三、肢体动作	动詞	bury, secrete, conceal	-
566	566	走	284	verbs	body-part related actions	三、肢体动作	动詞	walk, go on foot; run; leave	-
567	567	跑	284	verbs	body-part related actions	三、肢体动作	动詞	run, flee, leave in hurry	-
568	568	跳	285	verbs	body-part related actions	三、肢体动作	动詞	jump, leap, vault, bounce; dance	-
569	569	踩	285	verbs	body-part related actions	三、肢体动作	动詞	step on	-
570	570	跨	286	verbs	body-part related actions	三、肢体动作	动詞	straddle, bestride, ride; carry	-
571	571	站	286	verbs	body-part related actions	三、肢体动作	动詞	stand up; a stand, station	-
572	572	蹲	287	verbs	body-part related actions	三、肢体动作	动詞	squat, crouch; idle about	-
573	573	靠	287	verbs	body-part related actions	三、肢体动作	动詞	lean on, trust, depend on; near	-
574	574	躺	288	verbs	body-part related actions	三、肢体动作	动詞	lie down, recline	-
575	575	摔	288	verbs	body-part related actions	三、肢体动作	动詞	fall ground, stumble, trip	-
576	576	挤	289	verbs	body-part related actions	三、肢体动作	动詞	crowd, squeeze, push against	-
577	577	躱	289	verbs	body-part related actions	三、肢体动作	动詞	hide	-
578	578	挑	290	verbs	body-part related actions	三、肢体动作	动詞	a load carried on the shoulders; to carry	-
579	579	措	290	verbs	body-part related actions	三、肢体动作	动詞	place; collect, arrange; employ	-
580	580	跟	291	verbs	body-part related actions	三、肢体动作	动詞	heel; to follow, accompany; with	-
581	581	逃跑	291	verbs	body-part related actions	三、肢体动作	动詞	run away;flee;escape;take flight	-
582	582	脱	292	verbs	daily actions	四、日常操作	动詞	take off	-
583	583	戴	292	verbs	daily actions	四、日常操作	动詞	wear on top; support	-
584	584	洗	293	verbs	daily actions	四、日常操作	动詞	wash, rinse; clean, purify	-
585	585	刷	293	verbs	daily actions	四、日常操作	动詞	brush; clean with brush, scrub	-
586	586	涮	294	verbs	daily actions	四、日常操作	动詞	rinse; cook or boil in juice	-
587	587	漱口	294	verbs	daily actions	四、日常操作	动詞	gargle;rinse out the mouth	-
588	588	冼澡	295	verbs	daily actions	四、日常操作	动詞	-	-
589	589	晒	295	verbs	daily actions	四、日常操作	动詞	dry in sun, expose to sun	-
590	590	晾	296	verbs	daily actions	四、日常操作	动詞	air-dry; sun-dry	-
591	591	熨	296	verbs	daily actions	四、日常操作	动詞	iron, press	-
592	592	染	297	verbs	daily actions	四、日常操作	动詞	dye; be contagious; infect	-
593	593	剪	297	verbs	daily actions	四、日常操作	动詞	scissors; cut, divide, separate	-
594	594	裁	298	verbs	daily actions	四、日常操作	动詞	cut out; decrease	-
595	595	切	298	verbs	daily actions	四、日常操作	动詞	cut, mince, slice, carve	-
596	596	割	299	verbs	daily actions	四、日常操作	动詞	cut, divide, partition; cede	-
597	597	刴	299	verbs	daily actions	四、日常操作	动詞	chop by pounding, mince, hash	-
598	598	杀	300	verbs	daily actions	四、日常操作	动詞	kill, slaughter, murder; hurt	-
599	599	宰	300	verbs	daily actions	四、日常操作	动詞	to slaughter; to rule	-
600	600	泼	301	verbs	daily actions	四、日常操作	动詞	pour, splash, water, sprinkle	-
601	601	浇	301	verbs	daily actions	四、日常操作	动詞	spray, water, sprinkle	-
602	602	扫	302	verbs	daily actions	四、日常操作	动詞	sweep, clear away; exterminate	-
603	603	点	302	verbs	daily actions	四、日常操作	动詞	dot, speck, spot; point, degree	-
604	604	收拾	303	verbs	daily actions	四、日常操作	动詞	arrange // mend // take care of // fade // buy off // cook // pack // dispel // eliminate // arrange;administer	-
605	605	撹和	303	verbs	daily actions	四、日常操作	动詞	-	-
606	606	拌	304	verbs	daily actions	四、日常操作	动詞	mix	-
607	607	选择	304	verbs	daily actions	四、日常操作	动詞	select	-
608	608	藏(收存）	305	verbs	daily actions	四、日常操作	动詞	-	-
609	609	說	305	verbs	communication	五、交际、事务、人事	动詞	speak, say, talk; scold, upbraid	-
610	610	閑淡	306	verbs	communication	五、交际、事务、人事	动詞	-	-
611	611	問	306	verbs	communication	五、交际、事务、人事	动詞	ask about, inquire after	-
612	612	理	307	verbs	communication	五、交际、事务、人事	动詞	reason, logic; manage	-
613	613	叫	307	verbs	communication	五、交际、事务、人事	动詞	cry, shout; hail, greet, call	-
614	614	喊	308	verbs	communication	五、交际、事务、人事	动詞	shout, call out, yell; howl; cry	-
615	615	笑	308	verbs	communication	五、交际、事务、人事	动詞	smile, laugh, giggle; snicker	-
616	616	哭	309	verbs	communication	五、交际、事务、人事	动詞	weep, cry, wail	-
617	617	駡	309	verbs	communication	五、交际、事务、人事	动詞	accuse, blame, curse, scold	-
618	618	开玩笑	310	verbs	communication	五、交际、事务、人事	动詞	joke;jest	-
619	619	发脾气	310	verbs	communication	五、交际、事务、人事	动詞	lost one&rsquo;s temper // get angry	-
620	620	吵架	311	verbs	communication	五、交际、事务、人事	动詞	have words with sb.	-
621	621	打架	311	verbs	communication	五、交际、事务、人事	动詞	fight;scuffle // come to blows // mix it up	-
622	622	劝	312	verbs	communication	五、交际、事务、人事	动詞	recommend, advise, urge	-
623	623	吹牛	312	verbs	communication	五、交际、事务、人事	动詞	boast // chat	-
624	624	拍馬	313	verbs	communication	五、交际、事务、人事	动詞	fawn	-
625	625	发誓	313	verbs	communication	五、交际、事务、人事	动詞	swear;vow;pledge	-
626	626	陪	314	verbs	communication	五、交际、事务、人事	动詞	accompany, be with, keep company	-
627	627	做事儿	314	verbs	communication	五、交际、事务、人事	动詞	-	-
628	628	干活儿	315	verbs	communication	五、交际、事务、人事	动詞	-	-
629	629	种地	315	verbs	communication	五、交际、事务、人事	动詞	cultivate (till) land;go in for farming	-
630	630	开車	316	verbs	communication	五、交际、事务、人事	动詞	drive a car,train,etc. // set a machine going	-
631	631	买布	316	verbs	communication	五、交际、事务、人事	动詞	-	-
632	632	买油	317	verbs	communication	五、交际、事务、人事	动詞	-	-
633	633	买药(买中药）	317	verbs	communication	五、交际、事务、人事	动詞	-	-
634	634	活	318	verbs	communication	五、交际、事务、人事	动詞	live, exist, survive; lively	-
635	635	死	318	verbs	communication	五、交际、事务、人事	动詞	die; dead; death	-
636	636	結婚（指男方）	319	verbs	communication	五、交际、事务、人事	动詞	-	-
637	637	結婚（指女方）	319	verbs	communication	五、交际、事务、人事	动詞	-	-
638	638	生（生育）	320	verbs	communication	五、交际、事务、人事	动詞	-	-
639	639	上課	320	verbs	culture, music	六、文化、娛乐	动詞	give lessons // go to class // have class	-
640	640	下課	321	verbs	culture, music	六、文化、娛乐	动詞	finish class	-
641	641	敎	321	verbs	culture, music	六、文化、娛乐	动詞	teach	-
642	642	学	322	verbs	culture, music	六、文化、娛乐	动詞	learning, knowledge; school	-
643	643	玩儿	322	verbs	culture, music	六、文化、娛乐	动詞	-	-
644	644	游泳	323	verbs	culture, music	六、文化、娛乐	动詞	have a swim;swim	-
645	645	照相	323	verbs	culture, music	六、文化、娛乐	动詞	take a picture(或photograph) // photograph	-
646	646	赢	324	verbs	culture, music	六、文化、娛乐	动詞	win; surplus, gain, profit	-
647	647	輸	324	verbs	culture, music	六、文化、娛乐	动詞	transport, carry, haul	-
648	648	休息	325	verbs	physiology and disease	七、生理、病理	动詞	(of a nation) recuperate and multiply // have a rest;take a rest;rest // stop	-
649	649	睡觉	325	verbs	physiology and disease	七、生理、病理	动詞	fall asleep // wake up	-
650	650	打呵欠	326	verbs	physiology and disease	七、生理、病理	动詞	yawn // gape	-
651	651	打瞌睡	326	verbs	physiology and disease	七、生理、病理	动詞	nod;doze off	-
652	652	打冷噤	327	verbs	physiology and disease	七、生理、病理	动詞	-	-
653	653	哆嗦	327	verbs	physiology and disease	七、生理、病理	动詞	tremble // shiver	-
654	654	喷嚏	328	verbs	physiology and disease	七、生理、病理	动詞	sternutation;sneeze	-
655	655	抓痒	328	verbs	physiology and disease	七、生理、病理	动詞	-	-
656	656	撒（撒尿）	329	verbs	physiology and disease	七、生理、病理	动詞	-	-
657	657	拉(拉屎）	329	verbs	physiology and disease	七、生理、病理	动詞	-	-
658	658	生病	330	verbs	physiology and disease	七、生理、病理	动詞	fall ill	-
659	659	着凉	330	verbs	physiology and disease	七、生理、病理	动詞	catch cold	-
660	660	咳嗽	331	verbs	physiology and disease	七、生理、病理	动詞	cough	-
661	661	头暈	331	verbs	physiology and disease	七、生理、病理	动詞	-	-
662	662	发烧	332	verbs	physiology and disease	七、生理、病理	动詞	have a temperature;have a fever // heat sink	-
663	663	泻肚	332	verbs	physiology and disease	七、生理、病理	动詞	scour // have loose bowels; have diarrhoea	-
664	664	生疟疾	333	verbs	physiology and disease	七、生理、病理	动詞	-	-
665	665	喜欢	333	verbs	perceive, reflect	八、感受、思維	动詞	like;love // happy;elated	-
666	666	討厌	334	verbs	perceive, reflect	八、感受、思維	动詞	loathe;be disgusted with // disagreeable;disgusting;repugnant // be hard to handle;troublesome	-
667	667	怪	334	verbs	perceive, reflect	八、感受、思維	动詞	strange, unusual, peculiar	-
668	668	恨	335	verbs	perceive, reflect	八、感受、思維	动詞	hatred, dislike; resent, hate	-
669	669	后悔	335	verbs	perceive, reflect	八、感受、思維	动詞	repent;regret	-
670	670	怕	336	verbs	perceive, reflect	八、感受、思維	动詞	to fear, be afraid of; apprehensive	-
671	671	知道	336	verbs	perceive, reflect	八、感受、思維	动詞	know // know road // know;realize;be aware of	-
672	672	想	337	verbs	perceive, reflect	八、感受、思維	动詞	think, speculate, plan, consider	-
673	673	打算	337	verbs	perceive, reflect	八、感受、思維	动詞	intend;contemplate;propose;be prepared to // plan	-
674	674	相信	338	verbs	perceive, reflect	八、感受、思維	动詞	believe in;be convinced of;have faith in;place reliance on;put one's trust in	-
675	675	怀疑	338	verbs	perceive, reflect	八、感受、思維	动詞	doubt;suspect;scepsis	-
676	676	小心	339	verbs	perceive, reflect	八、感受、思維	动詞	take care // cautious;careful // respectful and cautious	-
677	677	想念	339	verbs	perceive, reflect	八、感受、思維	动詞	long to see again;miss // souvenir	-
678	678	忘記	340	verbs	perceive, reflect	八、感受、思維	动詞	forget	-
679	679	要	340	verbs	perceive, reflect	八、感受、思維	动詞	necessary, essential; necessity	-
680	680	不要	341	verbs	perceive, reflect	八、感受、思維	动詞	do not // refrain from	-
681	681	应該	341	verbs	desire, judge	九、願望、判断	动詞	should;ought to;must	-
682	682	値得	342	verbs	desire, judge	九、願望、判断	动詞	-	-
683	683	是	342	verbs	desire, judge	九、願望、判断	动詞	indeed, yes, right; to be; demonstrative pronoun, this, that	-
684	684	不是	343	verbs	desire, judge	九、願望、判断	动詞	mistake;faul // be not	-
685	685	沒有（无）	343	verbs	desire, judge	九、願望、判断	动詞	-	-
686	686	接吻	344	verbs	other	十、其他	动詞	kiss	-
687	687	上坟	344	verbs	other	十、其他	动詞	honour the memory of the dead at a grave	-
688	688	遗失	345	verbs	other	十、其他	动詞	-	-
689	689	浪费	345	verbs	other	十、其他	动詞	waste;lavish;squander spand;	-
690	690	大	346	adjectives	appearance, situation	一、形状、情况	形容詞	-	-
691	691	小	346	adjectives	appearance, situation	一、形状、情况	形容詞	small, tiny, insignificant	-
692	692	髙	347	adjectives	appearance, situation	一、形状、情况	形容詞	variant of高U+9AD8, high, tall; lofty, elevated	-
693	693	低	347	adjectives	appearance, situation	一、形状、情况	形容詞	low; to lower, hang, bend, bow	-
694	694	矮	348	adjectives	appearance, situation	一、形状、情况	形容詞	short, dwarf; low	-
695	695	长	348	adjectives	appearance, situation	一、形状、情况	形容詞	long; length; excel in; leader	-
696	696	短	349	adjectives	appearance, situation	一、形状、情况	形容詞	short; brief; deficient, lacking	-
697	697	粗	349	adjectives	appearance, situation	一、形状、情况	形容詞	rough, thick, course; rude	-
698	698	細	350	adjectives	appearance, situation	一、形状、情况	形容詞	fine, tiny; slender, thin	-
699	699	宽	350	adjectives	appearance, situation	一、形状、情况	形容詞	broad, wide; spacious, vast	-
700	700	窄	351	adjectives	appearance, situation	一、形状、情况	形容詞	narrow, tight; narrow-minded	-
701	701	厚	351	adjectives	appearance, situation	一、形状、情况	形容詞	thick; substantial; greatly	-
702	702	薄	352	adjectives	appearance, situation	一、形状、情况	形容詞	thin, slight, weak; poor, stingy	-
703	703	深	352	adjectives	appearance, situation	一、形状、情况	形容詞	deep; depth; far; very, extreme	-
704	704	浅	353	adjectives	appearance, situation	一、形状、情况	形容詞	shallow, not deep; superficial	-
705	705	空	353	adjectives	appearance, situation	一、形状、情况	形容詞	empty, hollow, bare, deserted	-
706	706	滿	354	adjectives	appearance, situation	一、形状、情况	形容詞	fill; full, satisfied	-
707	707	方	354	adjectives	appearance, situation	一、形状、情况	形容詞	a square, rectangle; a region; local	-
708	708	圓	355	adjectives	appearance, situation	一、形状、情况	形容詞	circle; round, circular; complete	-
709	709	平	355	adjectives	appearance, situation	一、形状、情况	形容詞	flat, level, even; peaceful	-
710	710	正	356	adjectives	appearance, situation	一、形状、情况	形容詞	right, proper, correct	-
711	711	反	356	adjectives	appearance, situation	一、形状、情况	形容詞	reverse, opposite, contrary, anti	-
712	712	歪	357	adjectives	appearance, situation	一、形状、情况	形容詞	slant; inclined; askewd, awry	-
713	713	横	357	adjectives	appearance, situation	一、形状、情况	形容詞	across	-
714	714	竪	358	adjectives	appearance, situation	一、形状、情况	形容詞	perpendicular, vertical; erect	-
715	715	直	358	adjectives	appearance, situation	一、形状、情况	形容詞	straight, erect, vertical	-
716	716	斜	359	adjectives	appearance, situation	一、形状、情况	形容詞	slanting, sloping, inclined	-
717	717	陡	359	adjectives	appearance, situation	一、形状、情况	形容詞	steep, sloping; abruptly, sudden	-
718	718	弯	360	adjectives	appearance, situation	一、形状、情况	形容詞	bend, curve	-
719	719	亮	360	adjectives	appearance, situation	一、形状、情况	形容詞	-	-
720	720	暗	361	adjectives	appearance, situation	一、形状、情况	形容詞	dark; obscure; in secret, covert	-
721	721	黑	361	adjectives	appearance, situation	一、形状、情况	形容詞	black; dark; evil, sinister	-
722	722	輕	362	adjectives	appearance, situation	一、形状、情况	形容詞	light; easy, simple; gentle	-
723	723	重	362	adjectives	appearance, situation	一、形状、情况	形容詞	-	-
724	724	干	363	adjectives	appearance, situation	一、形状、情况	形容詞	oppose, offend; invade; dried	-
725	725	湿	363	adjectives	appearance, situation	一、形状、情况	形容詞	?	-
726	726	稠	364	adjectives	appearance, situation	一、形状、情况	形容詞	dense, crowded, packed; soupy	-
727	727	釅	364	adjectives	appearance, situation	一、形状、情况	形容詞	?	-
728	728	稀	365	adjectives	appearance, situation	一、形状、情况	形容詞	rare, unusual, scarce; sparse	-
729	729	硬	365	adjectives	appearance, situation	一、形状、情况	形容詞	hard, firm, strong; obstinate	-
730	730	軟	366	adjectives	appearance, situation	一、形状、情况	形容詞	soft, flexible, pliable; weak	-
731	731	老(不嫩）	366	adjectives	appearance, situation	一、形状、情况	形容詞	-	-
732	732	嫩	367	adjectives	appearance, situation	一、形状、情况	形容詞	soft, tender, delicate; young	-
733	733	脆	367	adjectives	appearance, situation	一、形状、情况	形容詞	crisp; fragile, frail; brittle	-
734	734	結实	368	adjectives	appearance, situation	一、形状、情况	形容詞	bear fruit // stout	-
735	735	生（不熟）	368	adjectives	appearance, situation	一、形状、情况	形容詞	-	-
736	736	整齐	369	adjectives	appearance, situation	一、形状、情况	形容詞	tidy;neat // put in order // even;regular // integral // reorganize	-
737	737	乱	369	adjectives	appearance, situation	一、形状、情况	形容詞	confusion, state of chaos, revolt	-
738	738	破	370	adjectives	appearance, situation	一、形状、情况	形容詞	break, ruin, destroy; rout	-
739	739	干淨	370	adjectives	appearance, situation	一、形状、情况	形容詞	-	-
740	740	骯髒	371	adjectives	appearance, situation	一、形状、情况	形容詞	-	-
741	741	热鬧	371	adjectives	appearance, situation	一、形状、情况	形容詞	bustling with activity // fun // lively // have a jolly time	-
742	742	淸楚	372	adjectives	appearance, situation	一、形状、情况	形容詞	-	-
743	743	模糊	372	adjectives	appearance, situation	一、形状、情况	形容詞	-	-
744	744	渾	373	adjectives	appearance, situation	一、形状、情况	形容詞	muddy, turbid; blend, merge, mix	-
745	745	快(鋒利）	373	adjectives	appearance, situation	一、形状、情况	形容詞	-	-
746	746	快(迅速）	374	adjectives	appearance, situation	一、形状、情况	形容詞	-	-
747	747	早	374	adjectives	appearance, situation	一、形状、情况	形容詞	early; soon; morning	-
748	748	晚	375	adjectives	appearance, situation	一、形状、情况	形容詞	night, evening; late	-
749	749	好	375	adjectives	character	二、性质	形容詞	good, excellent, fine; well	-
750	750	坏	376	adjectives	character	二、性质	形容詞	rotten, spoilt, bad, broken down	-
751	751	差	376	adjectives	character	二、性质	形容詞	to differ; different, wrong; nearly, almost; an officer	-
752	752	难	377	adjectives	character	二、性质	形容詞	difficult, arduous, hard; unable	-
753	753	容易	377	adjectives	character	二、性质	形容詞	easily // lightly // sweetly	-
754	754	貴	378	adjectives	character	二、性质	形容詞	expensive, costly, valuable	-
755	755	便宜	378	adjectives	character	二、性质	形容詞	convenient // small advantages // let sb. off lightly // cheap	-
756	756	热	379	adjectives	physiological perception	三、生理感觉	形容詞	hot; heat; fever; restless; zeal	-
757	757	冷	379	adjectives	physiological perception	三、生理感觉	形容詞	cold, cool; lonely	-
758	758	烫	380	adjectives	physiological perception	三、生理感觉	形容詞	scald, heat; wash; iron clothes	-
759	759	暧和	380	adjectives	physiological perception	三、生理感觉	形容詞	-	-
760	760	溫	381	adjectives	physiological perception	三、生理感觉	形容詞	lukewarm	-
761	761	凉	381	adjectives	physiological perception	三、生理感觉	形容詞	cool, cold; disheartened	-
762	762	香	382	adjectives	physiological perception	三、生理感觉	形容詞	fragrant, sweet smelling, incense	-
763	763	臭	382	adjectives	physiological perception	三、生理感觉	形容詞	smell, stink, emit foul odor	-
764	764	餿	383	adjectives	physiological perception	三、生理感觉	形容詞	spoiled, rotten, stale, rancid	-
765	765	咸	383	adjectives	physiological perception	三、生理感觉	形容詞	together; all, completely; united	-
766	766	淡	384	adjectives	physiological perception	三、生理感觉	形容詞	calm, quiet, tranquil	-
767	767	餓	384	adjectives	physiological perception	三、生理感觉	形容詞	hungry; greedy for; hunger	-
768	768	渴	385	adjectives	physiological perception	三、生理感觉	形容詞	thirsty, parched; yearn, pine	-
769	769	累	385	adjectives	physiological perception	三、生理感觉	形容詞	tired; implicate, involve; bother	-
770	770	痒	386	adjectives	physiological perception	三、生理感觉	形容詞	itch	-
771	771	舒服	386	adjectives	physiological perception	三、生理感觉	形容詞	be well // please;comfortable;gratifying // satisfy	-
772	772	忙	387	adjectives	physiological perception	三、生理感觉	形容詞	busy, pressed for time; hustling	-
773	773	闲	387	adjectives	physiological perception	三、生理感觉	形容詞	fence, guard; defend; idle time	-
774	774	胖	388	adjectives	describing body appearance	四、形貌体态	形容詞	fat, obese; fatty	-
775	775	肥	388	adjectives	describing body appearance	四、形貌体态	形容詞	fat, plump, obese; fertile	-
776	776	瘦	389	adjectives	describing body appearance	四、形貌体态	形容詞	thin, emaciated, lean; meager	-
777	777	老（不年輕）	389	adjectives	describing body appearance	四、形貌体态	形容詞	-	-
778	778	年輕	390	adjectives	describing body appearance	四、形貌体态	形容詞	young	-
779	779	好看、漂亮	390	adjectives	describing body appearance	四、形貌体态	形容詞	-	-
780	780	难看、丑	391	adjectives	describing body appearance	四、形貌体态	形容詞	-	-
781	781	强壮	391	adjectives	describing body appearance	四、形貌体态	形容詞	strong;sturdy // powerful // middle age	-
782	782	傻	392	adjectives	behavior	五、品性、行为	形容詞	foolish, silly, stupid; an imbecile	-
783	783	老实	392	adjectives	behavior	五、品性、行为	形容詞	honest // frank // well-behaved // simpleminded;naive;easily taken in	-
784	784	狡猾	393	adjectives	behavior	五、品性、行为	形容詞	crafty	-
785	785	直爽	393	adjectives	behavior	五、品性、行为	形容詞	forth right;frank	-
786	786	大方	394	adjectives	behavior	五、品性、行为	形容詞	expert // generous // natural and posied // decent // general principle;great truth	-
787	787	小气	394	adjectives	behavior	五、品性、行为	形容詞	stingy;mean;nigardly;tight-fisted;narrow-minded pelly	-
788	788	骄傲	395	adjectives	behavior	五、品性、行为	形容詞	-	-
789	789	謙虚	395	adjectives	behavior	五、品性、行为	形容詞	modest // make modest remarks	-
790	790	乖	396	adjectives	behavior	五、品性、行为	形容詞	rebel; crafty, shrewd	-
791	791	顽皮	396	adjectives	behavior	五、品性、行为	形容詞	mischievous;naughty // cunning and stubborn // hard shell	-
792	792	勤快	397	adjectives	behavior	五、品性、行为	形容詞	diligent;hardworking	-
793	793	懒	397	adjectives	behavior	五、品性、行为	形容詞	lazy, languid, listless	-
794	794	能干	398	adjectives	behavior	五、品性、行为	形容詞	able;capable;know one's job well	-
795	795	內行	398	adjectives	behavior	五、品性、行为	形容詞	adept;expert	-
796	796	外行	399	adjectives	behavior	五、品性、行为	形容詞	philistine;ignoramus // layman;greenhorn // one who is out of one's line // lay;unprofessional	-
797	797	髙兴	399	adjectives	mood	六、心理感受	形容詞	-	-
798	798	合意	400	adjectives	mood	六、心理感受	形容詞	suit;be to one's liking	-
799	799	煩恼	400	adjectives	mood	六、心理感受	形容詞	be vexed;be worried;be annoyed;be irritated // bother;disturb	-
800	800	可怜	401	adjectives	mood	六、心理感受	形容詞	pity;have pity on // it's a pity // pitiful;pitiable // meagre;miserable	-
801	801	倒霉	401	adjectives	mood	六、心理感受	形容詞	have bad luck // woe	-
802	802	奇怪	402	adjectives	mood	六、心理感受	形容詞	odd;queer;strange // unusual person or thing // wonder	-
803	803	害怕	402	adjectives	mood	六、心理感受	形容詞	be afraid of ;be scared	-
804	804	害羞	403	adjectives	mood	六、心理感受	形容詞	be bashful;be shy	-
805	805	我	403	pronounss	personal	一、人称代詞	代 詞	our, us, i, me, my, we	-
806	806	你	404	pronounss	personal	一、人称代詞	代 詞	you, second person pronoun	-
807	807	他	404	pronounss	personal	一、人称代詞	代 詞	other, another; he, she, it	-
808	808	我們	405	pronounss	personal	一、人称代詞	代 詞	we;us	-
809	809	咱們	405	pronounss	personal	一、人称代詞	代 詞	-	-
810	810	你們	406	pronounss	personal	一、人称代詞	代 詞	you	-
811	811	他們	406	pronounss	personal	一、人称代詞	代 詞	they	-
812	812	大家	407	pronounss	personal	一、人称代詞	代 詞	woman;husband's mother // everybody // all // we // you // they // other people // family of high ranking official // great master // master // Your Majesty // polymath	-
813	813	自己	407	pronounss	personal	一、人称代詞	代 詞	oneself;self // own;one's own	-
814	814	人家	408	pronounss	personal	一、人称代詞	代 詞	household // man's world // other;other people // him(her,them) // I;me	-
815	815	我的	408	pronounss	possessive	二、物主代詞	代 詞	-	-
816	816	你的	409	pronounss	possessive	二、物主代詞	代 詞	-	-
817	817	他的	409	pronounss	possessive	二、物主代詞	代 詞	-	-
818	818	別的	410	pronounss	possessive	二、物主代詞	代 詞	-	-
819	819	这个	410	pronounss	demonstrative	三、指示代詞	代 詞	this // such	-
820	820	那个	411	pronounss	demonstrative	三、指示代詞	代 詞	that // that	-
821	821	这些	411	pronounss	demonstrative	三、指示代詞	代 詞	these	-
822	822	那些	412	pronounss	demonstrative	三、指示代詞	代 詞	those // so much // so many	-
823	823	这儿	412	pronounss	demonstrative	三、指示代詞	代 詞	here	-
824	824	那儿	413	pronounss	demonstrative	三、指示代詞	代 詞	-	-
825	825	这边	413	pronounss	demonstrative	三、指示代詞	代 詞	this side // here	-
826	826	那边	414	pronounss	demonstrative	三、指示代詞	代 詞	there;over there	-
827	827	这么	414	pronounss	demonstrative	三、指示代詞	代 詞	so // like that // this way	-
828	828	那么	415	pronounss	demonstrative	三、指示代詞	代 詞	that // then	-
829	829	誰	415	pronounss	interrogative	四、疑問代詞	代 詞	who? whom? whose? anyone?	-
830	830	什么	416	pronounss	interrogative	四、疑問代詞	代 詞	what // whatever // nothing // anything	-
831	831	哪个	416	pronounss	interrogative	四、疑問代詞	代 詞	what;which // who	-
832	832	哪儿	417	pronounss	interrogative	四、疑問代詞	代 詞	-	-
833	833	哪边	417	pronounss	interrogative	四、疑問代詞	代 詞	-	-
834	834	怎么	418	pronounss	interrogative	四、疑問代詞	代 詞	how // what // however // somewhat // how could	-
835	835	多么	418	pronounss	interrogative	四、疑問代詞	代 詞	how	-
836	836	多少	419	pronounss	interrogative	四、疑問代詞	代 詞	how much // so much // somewhat // how many	-
837	837	多久	419	pronounss	interrogative	四、疑問代詞	代 詞	how long time	-
838	838	一个人	420	classifiers	nominal	一、物量詞	量 詞	-	-
839	839	一头牛	420	classifiers	nominal	一、物量詞	量 詞	-	-
840	840	一只鸡	421	classifiers	nominal	一、物量詞	量 詞	-	-
841	841	一条魚	421	classifiers	nominal	一、物量詞	量 詞	-	-
842	842	一棵树	422	classifiers	nominal	一、物量詞	量 詞	-	-
843	843	一瓶酒	425	classifiers	nominal	一、物量詞	量 詞	-	-
844	844	一丛草	422	classifiers	nominal	一、物量詞	量 詞	-	-
845	845	一朵花儿	423	classifiers	nominal	一、物量詞	量 詞	-	-
846	846	一串葡萄	423	classifiers	nominal	一、物量詞	量 詞	-	-
847	847	一頓飯	424	classifiers	nominal	一、物量詞	量 詞	-	-
848	848	一支烟	424	classifiers	nominal	一、物量詞	量 詞	-	-
849	849	一口水	425	classifiers	nominal	一、物量詞	量 詞	-	-
850	850	一套衣服	426	classifiers	nominal	一、物量詞	量 詞	-	-
851	851	一双鞋	426	classifiers	nominal	一、物量詞	量 詞	-	-
852	852	一条被子	427	classifiers	nominal	一、物量詞	量 詞	-	-
853	853	一顶帐子	427	classifiers	nominal	一、物量詞	量 詞	-	-
854	854	一把刀	428	classifiers	nominal	一、物量詞	量 詞	-	-
855	855	一根針	428	classifiers	nominal	一、物量詞	量 詞	-	-
856	856	一座房子	429	classifiers	nominal	一、物量詞	量 詞	-	-
857	857	一座桥	429	classifiers	nominal	一、物量詞	量 詞	-	-
858	858	一扇門	430	classifiers	nominal	一、物量詞	量 詞	-	-
859	859	一辆車	430	classifiers	nominal	一、物量詞	量 詞	-	-
860	860	一只船	431	classifiers	nominal	一、物量詞	量 詞	-	-
861	861	一件事情	431	classifiers	nominal	一、物量詞	量 詞	-	-
862	862	一笔生意	432	classifiers	nominal	一、物量詞	量 詞	-	-
863	863	逼(看一遍）	432	classifiers	verbal	二、动量詞	量 詞	-	-
864	864	次（这一次）	433	classifiers	verbal	二、动量詞	量 詞	-	-
865	865	趟(走一趟）	433	classifiers	verbal	二、动量詞	量 詞	-	-
866	866	頓(打一頓）	434	classifiers	verbal	二、动量詞	量 詞	-	-
867	867	下(打一下）	434	classifiers	verbal	二、动量詞	量 詞	-	-
868	868	从前	435	classifiers	verbal	二、动量詞	副 詞	formerly;before // once	-
869	869	刚才	435	classifiers	verbal	二、动量詞	副 詞	just a short while ago;a moment ago;just now	-
870	870	现在	436	classifiers	verbal	二、动量詞	副 詞	exist;alive // now;at present;today	-
871	871	一向	437	classifiers	verbal	二、动量詞	副 詞	lately on // all along;consistently // earlier on;lately	-
872	872	預先	437	classifiers	verbal	二、动量詞	副 詞	in advance;beforehand // up front	-
873	873	巳經	438	classifiers	verbal	二、动量詞	副 詞	-	-
874	874	常常	438	classifiers	verbal	二、动量詞	副 詞	often;frequently;usually	-
875	875	赶快	439	classifiers	verbal	二、动量詞	副 詞	lose no time;proceed apace;hasten // haste	-
876	876	馬上	439	classifiers	verbal	二、动量詞	副 詞	immediately;right off // on horseback	-
877	877	很	440	classifiers	verbal	二、动量詞	副 詞	very, quite, much	-
878	878	更	440	classifiers	verbal	二、动量詞	副 詞	more, still further, much more	-
879	879	最	441	classifiers	verbal	二、动量詞	副 詞	most, extremely, exceedingly	-
880	880	太	441	classifiers	verbal	二、动量詞	副 詞	very, too, much; big; extreme	-
881	881	稍微	442	classifiers	verbal	二、动量詞	副 詞	a little;a bit;a trifle	-
882	882	恰巧	442	classifiers	verbal	二、动量詞	副 詞	happen to // by chance	-
883	883	都	443	classifiers	verbal	二、动量詞	副 詞	metropolis, capital; all, the whole; elegant, refined	-
884	884	統統	443	classifiers	verbal	二、动量詞	副 詞	wholly;completely;entirely	-
885	885	一起	444	classifiers	verbal	二、动量詞	副 詞	together // in the same place // in company // altogether;in all // a band	-
886	886	又	444	classifiers	verbal	二、动量詞	副 詞	and, also, again, in addition	-
887	887	再	445	classifiers	verbal	二、动量詞	副 詞	again, twice, re-	-
888	888	仍旧	445	classifiers	verbal	二、动量詞	副 詞	still;yet	-
889	889	反正	446	classifiers	verbal	二、动量詞	副 詞	anyhow // return to the right way // come over from the enemy&rsquo;s side	-
890	890	大約	446	classifiers	verbal	二、动量詞	副 詞	about // probably	-
891	891	一定	447	classifiers	verbal	二、动量詞	副 詞	fixed;specified;regular // definite;constant // surely;certainly;necessarily // given;particular;certain	-
892	892	不	447	classifiers	verbal	二、动量詞	副 詞	no, not; un-; negative prefix	-
893	893	沒〔有〕(未）	448	classifiers	verbal	二、动量詞	副 詞	-	-
894	894	別	448	classifiers	verbal	二、动量詞	副 詞	separate, other; do not	-
895	895	不用	449	classifiers	verbal	二、动量詞	副 詞	need not	-
896	896	把	449	classifiers	verbal	二、动量詞	介詞、連詞	hold, take; guard; regard as	-
897	897	被	450	classifiers	verbal	二、动量詞	介詞、連詞	passive indicator 'by'; bedding	-
898	898	替	450	classifiers	verbal	二、动量詞	介詞、連詞	change, replace, substitute for	-
899	899	在	451	classifiers	verbal	二、动量詞	介詞、連詞	be at, in, on; consist in, rest	-
900	900	从	451	classifiers	verbal	二、动量詞	介詞、連詞	from, by, since, whence, through	-
901	901	到	452	classifiers	verbal	二、动量詞	介詞、連詞	go to, arrive, been to	-
902	902	向	452	classifiers	verbal	二、动量詞	介詞、連詞	toward, direction, trend	-
903	903	和	453	classifiers	verbal	二、动量詞	介詞、連詞	harmony, peace; peaceful, calm	-
904	904	如果	453	classifiers	verbal	二、动量詞	介詞、連詞	if	-
